Company,City,State,Phone number
Search for a Firm or an Attorney by Surname,,,
Pearce IP,Melbourne,Victoria,03 8419 0800
Griffith Hack NSW,North Sydney,New South Wales,+61 2 9925 5900
James and Wells Intellectual Property,Melbourne,Victoria,+61 3 7036 7276
Forte IP,Sydney,New South Wales,+61 2 8003 3000
Halfords IP,Sydney,New South Wales,02 9264 8388
Davies Collison Cave,Sydney,New South Wales,02 9293 1000
Fraser Old & Sohn,Lane Cove Business Park,New South Wales,02 9955 2600
Allens Patent & Trademark Attorneys,,,
Houlihan Intellectual Property,"Kew East, Victoria, ",,03 9122 8189
IP Mentor,Canning Vale,,409658411
Patentable,Emu Plains ,New South Wales,(02) 9199 9669
Dentons,Sydney,New South Wales,+61 2 9931 4999
F B Rice,Sydney,New South Wales,02 8231 1000
Alder IP,Chatswood,New South Wales,02 9007 9916
Wulff Partners Pty Ltd,,Victoria,+61 414 524 603
Allens Patent & Trade Mark Attorneys,Sydney,New South Wales,02 9230 4000
Adams Pluck,Hornsby,New South Wales,02 9476 0477
mdp patent and trade mark attorneys,Melbourne,Victoria,+61 (03) 9620 9660
